,Date,CPI,Unemployment_Rate,G10Yield,G5Yield,G3Yield,EURUSD,GBPUSD,USDCHF,USDJPY,SP500_Close
0,2000-01-01,169.3,4.0,6.66,6.58,6.49,1.0155,1.627,1.5808,101.7,1366.42
1,2000-02-01,170.0,4.1,6.52,6.68,6.65,0.9731,1.615,1.654,107.67,1498.58
2,2000-03-01,171.0,4.0,6.26,6.5,6.53,0.97,1.5849,1.6568,107.1,1452.43
3,2000-04-01,170.9,3.8,5.99,6.26,6.36,0.956,1.598,1.6587,104.82,1420.6
4,2000-05-01,171.2,4.0,6.44,6.69,6.77,0.912,1.5558,1.7135,108.89,1454.6
5,2000-06-01,172.2,4.0,6.1,6.3,6.43,0.9307,1.4915,1.6878,108.74,1430.83
6,2000-07-01,172.7,4.0,6.05,6.18,6.28,0.9526,1.5135,1.6323,105.64,1517.68
7,2000-08-01,172.7,4.1,5.83,6.06,6.17,0.9228,1.4992,1.6758,109.47,1436.51
8,2000-09-01,173.6,3.9,5.8,5.93,6.02,0.8993,1.4605,1.723,105.78,1429.4
9,2000-10-01,173.9,3.9,5.74,5.78,5.85,0.8806,1.4675,1.7322,108.81,1314.95
10,2000-11-01,174.2,3.9,5.72,5.7,5.79,0.8584,1.4452,1.7765,108.48,1320.28
11,2000-12-01,174.6,3.9,5.24,5.17,5.26,0.8765,1.4373,1.7285,111.15,1366.01
12,2001-01-01,175.6,4.2,5.16,4.86,4.77,0.9465,1.4977,1.6075,114.73,1239.94
13,2001-02-01,176.0,4.2,5.1,4.89,4.71,0.9384,1.4775,1.633,115.33,1160.33
14,2001-03-01,176.1,4.3,4.89,4.64,4.43,0.9291,1.4553,1.6557,117.33,1249.46
15,2001-04-01,176.4,4.4,5.14,4.76,4.42,0.8824,1.42,1.7317,126.75,1255.82
16,2001-05-01,177.3,4.3,5.39,4.93,4.51,0.8937,1.434,1.7255,121.92,1224.38
17,2001-06-01,177.7,4.5,5.28,4.81,4.35,0.8452,1.416,1.7992,119.13,1211.23
18,2001-07-01,177.4,4.6,5.24,4.76,4.31,0.8455,1.4168,1.8003,124.22,1133.58
19,2001-08-01,177.4,4.9,4.97,4.57,4.04,0.8793,1.433,1.7158,124.87,1040.94
20,2001-09-01,178.1,5.0,4.73,4.12,3.45,0.8868,1.4444,1.7075,119.49,1059.78
21,2001-10-01,177.6,5.3,4.57,3.91,3.14,0.9159,1.4785,1.6196,120.27,1139.45
22,2001-11-01,177.5,5.5,4.65,3.97,3.22,0.9044,1.462,1.6295,121.87,1148.08
23,2001-12-01,177.4,5.7,5.09,4.39,3.62,0.8897,1.4217,1.655,123.9,1130.2
24,2002-01-01,177.7,5.7,5.04,4.34,3.56,0.9031,1.4451,1.6424,132.02,1106.73
25,2002-02-01,178.0,5.7,4.91,4.3,3.55,0.8613,1.4158,1.7179,133.77,1147.39
26,2002-03-01,178.5,5.7,5.28,4.74,4.14,0.8652,1.419,1.706,133.35,1076.92
27,2002-04-01,179.3,5.9,5.21,4.65,4.01,0.8806,1.4407,1.6607,133.32,1067.14
28,2002-05-01,179.5,5.8,5.16,4.49,3.8,0.9062,1.4621,1.601,127.45,989.82
29,2002-06-01,179.6,5.8,4.93,4.19,3.49,0.939,1.4622,1.5638,123.69,911.62
30,2002-07-01,180.0,5.8,4.65,3.81,3.01,0.9893,1.5307,1.4845,120.04,916.07
31,2002-08-01,180.5,5.7,4.26,3.29,2.52,0.9843,1.5578,1.4703,119.1,815.28
32,2002-09-01,180.8,5.7,3.87,2.94,2.32,0.9959,1.5625,1.473,117.12,885.76
33,2002-10-01,181.2,5.7,3.94,2.95,2.25,0.9859,1.5708,1.4793,122.73,936.31
34,2002-11-01,181.5,5.9,4.05,3.05,2.32,0.9971,1.5638,1.4673,122.16,879.82
35,2002-12-01,181.8,6.0,4.03,3.03,2.23,0.9927,1.5555,1.4845,124.61,855.7
36,2003-01-01,182.6,5.8,4.05,3.05,2.18,1.0361,1.5975,1.4015,119.86,841.15
37,2003-02-01,183.6,5.9,3.9,2.9,2.05,1.0761,1.6405,1.3631,120.47,848.18
38,2003-03-01,183.9,5.9,3.81,2.78,1.98,1.0835,1.5755,1.3468,117.93,916.92
39,2003-04-01,183.2,6.0,3.96,2.93,2.06,1.0904,1.5767,1.3537,118.25,963.59
40,2003-05-01,182.9,6.1,3.57,2.52,1.75,1.1238,1.6103,1.342,118.56,974.5
41,2003-06-01,183.1,6.3,3.33,2.27,1.51,1.1744,1.6372,1.2973,118.52,990.31
42,2003-07-01,183.7,6.2,3.98,2.87,1.93,1.158,1.6626,1.3412,119.45,1008.01
43,2003-08-01,184.5,6.1,4.45,3.37,2.44,1.1252,1.6045,1.3668,120.0,995.97
44,2003-09-01,185.1,6.1,4.27,3.18,2.23,1.0872,1.574,1.4125,116.15,1050.71
45,2003-10-01,184.9,6.0,4.29,3.19,2.26,1.1708,1.6667,1.3148,110.61,1058.2
46,2003-11-01,185.0,5.8,4.3,3.29,2.45,1.1454,1.6786,1.3607,111.2,1111.92
47,2003-12-01,185.5,5.7,4.27,3.27,2.44,1.1956,1.7209,1.3003,109.61,1131.13
48,2004-01-01,186.3,5.7,4.15,3.12,2.27,1.2592,1.7902,1.239,106.95,1144.94
49,2004-02-01,186.7,5.6,4.08,3.07,2.25,1.2426,1.8182,1.2628,105.59,1126.21
50,2004-03-01,187.1,5.8,3.83,2.79,2.0,1.2431,1.868,1.2703,108.93,1107.3
51,2004-04-01,187.4,5.6,4.35,3.39,2.57,1.2358,1.8564,1.2627,103.7,1120.68
52,2004-05-01,188.2,5.6,4.72,3.85,3.1,1.1937,1.772,1.301,110.34,1140.84
53,2004-06-01,188.9,5.6,4.73,3.93,3.26,1.221,1.8359,1.251,110.45,1101.72
54,2004-07-01,189.1,5.5,4.5,3.69,3.05,1.2158,1.816,1.2509,108.24,1104.24
55,2004-08-01,189.2,5.4,4.28,3.47,2.88,1.2034,1.8273,1.2784,111.08,1114.58
56,2004-09-01,189.8,5.4,4.13,3.36,2.83,1.2179,1.794,1.2615,109.62,1130.2
57,2004-10-01,190.8,5.5,4.1,3.35,2.85,1.24,1.7976,1.2496,110.45,1173.82
58,2004-11-01,191.7,5.4,4.19,3.53,3.09,1.2741,1.8323,1.2028,106.41,1211.92
59,2004-12-01,191.7,5.4,4.23,3.6,3.21,1.3308,1.9297,1.144,102.78,1181.27
60,2005-01-01,191.6,5.3,4.22,3.71,3.39,1.3476,1.9058,1.1466,102.83,1203.6
61,2005-02-01,192.4,5.4,4.17,3.77,3.54,1.3017,1.8792,1.1937,103.93,1180.59
62,2005-03-01,193.1,5.2,4.5,4.17,3.91,1.3189,1.9206,1.1654,104.37,1156.85
63,2005-04-01,193.7,5.2,4.34,4.0,3.79,1.2896,1.8789,1.2042,107.57,1191.5
64,2005-05-01,193.6,5.1,4.14,3.85,3.72,1.2857,1.8959,1.198,105.07,1191.33
65,2005-06-01,193.7,5.0,4.0,3.77,3.69,1.2232,1.812,1.2529,108.42,1234.18
66,2005-07-01,194.9,5.0,4.18,3.98,3.91,1.1957,1.7708,1.2965,111.68,1220.33
67,2005-08-01,196.1,4.9,4.26,4.12,4.08,1.2195,1.7695,1.278,112.12,1228.81
68,2005-09-01,198.8,5.0,4.2,4.01,3.96,1.2447,1.8279,1.24,110.16,1207.01
69,2005-10-01,199.1,5.0,4.46,4.33,4.29,1.1914,1.7558,1.3022,114.17,1249.48
70,2005-11-01,198.1,5.0,4.54,4.45,4.43,1.1998,1.763,1.2903,116.63,1248.29
71,2005-12-01,198.1,4.9,4.47,4.39,4.39,1.1702,1.729,1.321,120.62,1280.08
72,2006-01-01,199.3,4.7,4.42,4.35,4.35,1.198,1.7404,1.2938,116.34,1280.66
73,2006-02-01,199.4,4.8,4.57,4.57,4.64,1.2092,1.7781,1.2841,117.85,1294.87
74,2006-03-01,199.7,4.7,4.72,4.72,4.74,1.1899,1.7473,1.3165,116.18,1310.61
75,2006-04-01,200.7,4.7,4.99,4.9,4.89,1.2124,1.7389,1.3044,117.82,1270.09
76,2006-05-01,201.3,4.6,5.11,5.0,4.97,1.2607,1.8286,1.2386,113.06,1270.2
77,2006-06-01,201.8,4.6,5.11,5.07,5.09,1.2824,1.8686,1.2197,112.43,1276.66
78,2006-07-01,202.9,4.7,5.09,5.04,5.07,1.2793,1.841,1.2253,114.92,1303.82
79,2006-08-01,203.8,4.7,4.88,4.82,4.85,1.2778,1.8711,1.2317,114.96,1335.85
80,2006-09-01,202.8,4.5,4.72,4.67,4.69,1.2833,1.905,1.2308,117.21,1377.94
81,2006-10-01,201.9,4.4,4.73,4.69,4.72,1.2744,1.8861,1.2426,117.66,1400.63
82,2006-11-01,202.0,4.5,4.6,4.58,4.64,1.2771,1.9091,1.2433,117.01,1418.3
83,2006-12-01,203.1,4.4,4.56,4.53,4.58,1.3316,1.9794,1.1947,115.33,1438.24
84,2007-01-01,203.44,4.6,4.76,4.75,4.79,1.3286,1.9736,1.2125,118.83,1406.82
85,2007-02-01,204.23,4.5,4.72,4.71,4.75,1.3021,1.9686,1.2427,120.67,1420.86
86,2007-03-01,205.29,4.4,4.56,4.48,4.51,1.3173,1.9579,1.2226,117.53,1482.37
87,2007-04-01,205.9,4.5,4.69,4.59,4.6,1.3374,1.9786,1.2139,117.69,1530.62
88,2007-05-01,206.76,4.4,4.75,4.67,4.69,1.36,1.9993,1.2151,119.77,1503.35
89,2007-06-01,207.23,4.6,5.1,5.03,5.0,1.344,1.9804,1.2299,122.1,1455.27
90,2007-07-01,207.6,4.7,5.0,4.88,4.82,1.3627,2.0161,1.2112,122.32,1473.99
91,2007-08-01,207.67,4.6,4.67,4.43,4.34,1.3682,2.0309,1.2013,118.71,1526.75
92,2007-09-01,208.55,4.7,4.52,4.2,4.06,1.3641,2.0165,1.2071,115.83,1549.38
93,2007-10-01,209.19,4.7,4.53,4.2,4.01,1.4229,2.0436,1.1683,115.91,1481.14
94,2007-11-01,210.83,4.7,4.15,3.67,3.35,1.4435,2.0818,1.1591,114.87,1468.36
95,2007-12-01,211.44,5.0,4.1,3.49,3.13,1.4657,2.0658,1.1291,110.44,1378.55
96,2008-01-01,212.17,5.0,3.74,2.98,2.51,1.4738,1.9824,1.1174,109.7,1330.63
97,2008-02-01,212.69,4.9,3.74,2.78,2.19,1.4851,1.9687,1.0821,106.3,1322.7
98,2008-03-01,213.45,5.1,3.51,2.48,1.8,1.5195,1.985,1.0431,103.57,1385.59
99,2008-04-01,213.94,5.0,3.68,2.84,2.23,1.5615,1.9774,1.0108,101.77,1400.38
100,2008-05-01,215.21,5.4,3.88,3.15,2.69,1.5458,1.9749,1.0478,104.04,1280.0
101,2008-06-01,217.46,5.6,4.1,3.49,3.08,1.555,1.9666,1.0379,104.41,1267.38
102,2008-07-01,219.02,5.8,4.01,3.3,2.87,1.5778,1.993,1.0183,105.73,1282.83
103,2008-08-01,218.69,6.1,3.89,3.14,2.7,1.5567,1.9743,1.048,107.59,1166.36
104,2008-09-01,218.88,6.1,3.69,2.88,2.32,1.4522,1.7853,1.107,108.85,968.75
105,2008-10-01,217.0,6.5,3.81,2.73,1.86,1.4058,1.7804,1.1209,106.06,896.24
106,2008-11-01,213.15,6.8,3.53,2.29,1.51,1.2719,1.5855,1.1681,98.95,903.25
107,2008-12-01,211.4,7.3,2.42,1.52,1.07,1.2634,1.484,1.2076,93.71,825.88
108,2009-01-01,211.93,7.8,2.52,1.6,1.13,1.3946,1.452,1.0685,91.12,735.09
109,2009-02-01,212.7,8.3,2.87,1.87,1.37,1.2808,1.4228,1.164,89.86,797.87
110,2009-03-01,212.5,8.7,2.82,1.82,1.31,1.258,1.3989,1.1723,97.17,872.81
111,2009-04-01,212.71,9.0,2.93,1.86,1.32,1.3223,1.4402,1.1465,98.93,919.14
112,2009-05-01,213.02,9.4,3.29,2.13,1.39,1.3267,1.4881,1.1364,99.24,919.32
113,2009-06-01,214.79,9.5,3.72,2.71,1.76,1.4192,1.6448,1.0688,96.53,987.48
114,2009-07-01,214.73,9.5,3.56,2.46,1.55,1.4186,1.6524,1.072,96.41,1020.62
115,2009-08-01,215.44,9.6,3.59,2.57,1.65,1.4416,1.6956,1.0578,95.23,1057.08
116,2009-09-01,215.86,9.8,3.4,2.37,1.48,1.4235,1.6168,1.0653,93.09,1036.19
117,2009-10-01,216.51,10.0,3.39,2.33,1.46,1.4532,1.595,1.0424,89.73,1095.63
118,2009-11-01,217.23,9.9,3.4,2.23,1.32,1.4828,1.641,1.0177,90.56,1115.1
119,2009-12-01,217.35,9.9,3.59,2.34,1.38,1.51,1.6626,0.9984,86.62,1073.87
120,2010-01-01,217.49,9.8,3.73,2.48,1.49,1.4419,1.6109,1.0294,92.55,1104.49
121,2010-02-01,217.28,9.8,3.69,2.36,1.4,1.3904,1.5924,1.0586,90.8,1169.43
122,2010-03-01,217.35,9.9,3.73,2.43,1.51,1.3516,1.4974,1.0827,89.28,1186.69
123,2010-04-01,217.4,9.9,3.85,2.58,1.64,1.3569,1.529,1.0559,93.83,1089.41
124,2010-05-01,217.29,9.6,3.42,2.18,1.32,1.3183,1.5242,1.0868,94.68,1030.71
125,2010-06-01,217.2,9.4,3.2,2.0,1.17,1.2266,1.4673,1.1548,91.16,1101.6
126,2010-07-01,217.6,9.4,3.01,1.76,0.98,1.2464,1.5126,1.0675,87.42,1049.33
127,2010-08-01,217.92,9.5,2.7,1.47,0.78,1.3174,1.5897,1.0379,86.42,1141.2
128,2010-09-01,218.28,9.5,2.65,1.41,0.74,1.2813,1.5472,1.0149,84.48,1183.26
129,2010-10-01,219.04,9.4,2.54,1.18,0.57,1.3754,1.5829,0.9761,83.3,1180.55
130,2010-11-01,219.59,9.8,2.76,1.35,0.67,1.3888,1.605,0.9935,80.66,1257.64
131,2010-12-01,220.47,9.3,3.29,1.93,0.99,1.3149,1.5603,0.9997,84.0,1286.12
132,2011-01-01,221.19,9.1,3.39,1.99,1.03,1.3371,1.549,0.9329,81.56,1327.22
133,2011-02-01,221.9,9.0,3.58,2.26,1.28,1.3793,1.6124,0.9388,81.48,1325.83
134,2011-03-01,223.05,9.0,3.41,2.11,1.17,1.3813,1.6309,0.9284,81.86,1363.61
135,2011-04-01,224.09,9.1,3.46,2.17,1.21,1.4215,1.6132,0.9243,84.05,1345.2
136,2011-05-01,224.81,9.0,3.17,1.84,0.94,1.487,1.669,0.864,81.23,1320.64
137,2011-06-01,224.81,9.1,3.0,1.58,0.71,1.4431,1.6391,0.8401,80.82,1292.28
138,2011-07-01,225.4,9.0,3.0,1.54,0.68,1.4508,1.607,0.8479,80.81,1218.89
139,2011-08-01,226.11,9.0,2.3,1.02,0.38,1.4202,1.6278,0.7813,76.87,1131.42
140,2011-09-01,226.6,9.0,1.98,0.9,0.35,1.4283,1.6179,0.7951,76.81,1253.3
141,2011-10-01,226.75,8.8,2.15,1.06,0.47,1.3281,1.5474,0.9151,76.66,1246.96
142,2011-11-01,227.17,8.6,2.01,0.91,0.39,1.3676,1.5946,0.8901,78.28,1257.6
143,2011-12-01,227.22,8.5,1.98,0.89,0.39,1.3487,1.5698,0.9135,77.6,1312.41
144,2012-01-01,227.84,8.3,1.97,0.84,0.36,1.3061,1.5655,0.9319,76.67,1365.68
145,2012-02-01,228.33,8.3,1.97,0.83,0.38,1.3179,1.5849,0.9141,76.11,1408.47
146,2012-03-01,228.81,8.2,2.17,1.02,0.51,1.332,1.5953,0.9051,81.16,1397.91
147,2012-04-01,229.19,8.2,2.05,0.89,0.43,1.3325,1.6022,0.9037,82.16,1310.33
148,2012-05-01,228.71,8.2,1.8,0.76,0.39,1.3226,1.6221,0.9087,80.17,1362.16
149,2012-06-01,228.52,8.2,1.62,0.71,0.39,1.242,1.5383,0.9671,78.21,1379.32
150,2012-07-01,228.59,8.2,1.53,0.62,0.33,1.2584,1.5679,0.9544,79.42,1406.58
151,2012-08-01,229.92,8.1,1.68,0.71,0.37,1.2299,1.5596,0.9767,78.19,1440.67
152,2012-09-01,231.02,7.8,1.72,0.67,0.34,1.2566,1.5889,0.9558,78.35,1412.16
153,2012-10-01,231.64,7.8,1.75,0.71,0.37,1.29,1.6142,0.9376,78.0,1416.18
154,2012-11-01,231.25,7.7,1.65,0.67,0.36,1.2937,1.6142,0.9326,80.14,1426.19
155,2012-12-01,231.22,7.9,1.72,0.7,0.35,1.3066,1.6104,0.925,82.24,1498.11
156,2013-01-01,231.68,8.0,1.91,0.81,0.39,1.3195,1.6255,0.9166,87.1,1514.68
157,2013-02-01,232.94,7.7,1.98,0.85,0.4,1.3692,1.5744,0.903,92.54,1569.19
158,2013-03-01,232.28,7.5,1.96,0.82,0.39,1.2988,1.5033,0.9448,93.38,1597.57
159,2013-04-01,231.8,7.6,1.76,0.71,0.34,1.2857,1.5232,0.946,93.3,1630.74
160,2013-05-01,231.89,7.5,1.93,0.84,0.4,1.3192,1.5578,0.9268,97.28,1606.28
161,2013-06-01,232.44,7.5,2.3,1.2,0.58,1.3098,1.5349,0.9442,99.18,1685.73
162,2013-07-01,232.9,7.3,2.58,1.4,0.64,1.306,1.5247,0.9452,99.62,1632.97
163,2013-08-01,233.46,7.2,2.74,1.52,0.7,1.3217,1.5145,0.9353,99.3,1681.55
164,2013-09-01,233.54,7.2,2.81,1.6,0.78,1.3164,1.5544,0.9363,99.43,1756.54
165,2013-10-01,233.67,7.2,2.62,1.37,0.63,1.3534,1.6208,0.9064,98.05,1805.81
166,2013-11-01,234.1,6.9,2.72,1.37,0.58,1.3488,1.5922,0.9124,98.78,1848.36
167,2013-12-01,234.72,6.7,2.9,1.58,0.69,1.3552,1.6365,0.9076,103.04,1782.59
168,2014-01-01,235.29,6.6,2.86,1.65,0.78,1.367,1.6441,0.8998,104.84,1859.45
169,2014-02-01,235.55,6.7,2.71,1.52,0.69,1.3523,1.6307,0.9014,101.11,1872.34
170,2014-03-01,236.03,6.7,2.72,1.64,0.82,1.3763,1.6712,0.881,101.36,1883.95
171,2014-04-01,236.47,6.2,2.71,1.7,0.88,1.3804,1.6639,0.8825,103.52,1923.57
172,2014-05-01,236.92,6.3,2.56,1.59,0.83,1.3867,1.69,0.8797,102.3,1960.23
173,2014-06-01,237.23,6.1,2.6,1.68,0.9,1.3606,1.6756,0.898,102.3,1930.67
174,2014-07-01,237.5,6.2,2.54,1.7,0.97,1.3681,1.7147,0.8871,101.51,2003.37
175,2014-08-01,237.46,6.1,2.42,1.63,0.93,1.3436,1.6832,0.9048,102.45,1972.29
176,2014-09-01,237.48,5.9,2.53,1.77,1.05,1.3124,1.6502,0.9196,105.1,2018.05
177,2014-10-01,237.43,5.7,2.3,1.55,0.88,1.2618,1.6216,0.9566,109.3,2067.56
178,2014-11-01,236.98,5.8,2.33,1.62,0.96,1.2487,1.5986,0.9655,113.92,2058.9
179,2014-12-01,236.25,5.6,2.21,1.64,1.06,1.249,1.5743,0.9631,118.14,1994.99
180,2015-01-01,234.75,5.7,1.88,1.37,0.9,1.2015,1.5361,1.0004,120.2,2104.5
181,2015-02-01,235.34,5.5,1.98,1.47,0.99,1.1337,1.5027,0.9262,117.33,2067.89
182,2015-03-01,235.98,5.4,2.04,1.52,1.02,1.119,1.5371,0.9553,120.06,2085.51
183,2015-04-01,236.22,5.4,1.94,1.35,0.87,1.0768,1.4823,0.9671,119.62,2107.39
184,2015-05-01,237.0,5.6,2.2,1.54,0.98,1.1194,1.5137,0.934,120.21,2063.11
185,2015-06-01,237.66,5.3,2.36,1.68,1.07,1.0913,1.5187,0.9467,124.64,2103.84
186,2015-07-01,238.03,5.2,2.32,1.63,1.03,1.1084,1.5617,0.9456,123.02,1972.18
187,2015-08-01,238.03,5.1,2.17,1.54,1.03,1.0962,1.5603,0.9682,123.98,1920.03
188,2015-09-01,237.5,5.0,2.17,1.49,1.01,1.1263,1.5341,0.9622,119.94,2079.36
189,2015-10-01,237.73,5.0,2.07,1.39,0.93,1.12,1.5162,0.9744,119.58,2080.41
190,2015-11-01,238.02,5.1,2.26,1.67,1.2,1.1026,1.5428,0.9853,120.7,2043.94
191,2015-12-01,237.76,5.0,2.24,1.7,1.28,1.062,1.5074,1.0296,122.88,1940.24
192,2016-01-01,237.65,4.8,2.09,1.52,1.14,1.0803,1.4686,1.0042,119.3,1932.23
193,2016-02-01,237.34,4.9,1.78,1.22,0.9,1.0888,1.4367,1.0202,121.06,2059.74
194,2016-03-01,238.08,5.0,1.89,1.38,1.04,1.0847,1.3948,0.9994,113.94,2065.3
195,2016-04-01,238.99,5.1,1.81,1.26,0.92,1.1385,1.4204,0.9588,112.06,2096.95
196,2016-05-01,239.56,4.8,1.81,1.3,0.97,1.1516,1.4666,0.9556,106.48,2098.86
197,2016-06-01,240.22,4.9,1.64,1.17,0.86,1.1165,1.4395,0.9892,109.55,2173.6
198,2016-07-01,240.1,4.8,1.5,1.07,0.79,1.1145,1.3281,0.973,102.55,2170.95
199,2016-08-01,240.54,4.9,1.56,1.13,0.85,1.1176,1.3209,0.9671,102.26,2168.27
200,2016-09-01,241.18,5.0,1.63,1.18,0.9,1.1194,1.3273,0.9792,103.22,2126.15
201,2016-10-01,241.74,4.9,1.76,1.27,0.99,1.121,1.284,0.974,101.54,2198.81
202,2016-11-01,242.03,4.7,2.14,1.6,1.22,1.1042,1.2218,0.979,104.59,2238.83
203,2016-12-01,242.64,4.7,2.49,1.96,1.49,1.0634,1.2596,1.0126,114.34,2278.87
204,2017-01-01,243.62,4.7,2.43,1.92,1.48,1.0416,1.2256,1.0266,117.68,2363.64
205,2017-02-01,244.01,4.6,2.42,1.9,1.47,1.0758,1.2643,0.993,113.29,2362.72
206,2017-03-01,243.89,4.4,2.48,2.01,1.59,1.0564,1.2318,1.0072,113.66,2384.2
207,2017-04-01,244.19,4.4,2.3,1.82,1.44,1.0655,1.2479,1.0029,110.96,2411.8
208,2017-05-01,244.0,4.4,2.3,1.84,1.48,1.0912,1.2917,0.9955,111.78,2423.41
209,2017-06-01,244.16,4.3,2.19,1.77,1.49,1.1214,1.2894,0.9712,111.24,2470.3
210,2017-07-01,244.24,4.3,2.32,1.87,1.54,1.1367,1.2951,0.9632,113.32,2471.65
211,2017-08-01,245.18,4.4,2.21,1.78,1.48,1.1799,1.3206,0.9655,110.33,2519.36
212,2017-09-01,246.44,4.3,2.2,1.8,1.51,1.1878,1.2972,0.9626,110.09,2575.26
213,2017-10-01,246.63,4.2,2.36,1.98,1.68,1.1745,1.3268,0.9737,112.6,2647.58
214,2017-11-01,247.28,4.2,2.35,2.05,1.81,1.1618,1.3257,1.0014,114.04,2673.61
215,2017-12-01,247.8,4.1,2.4,2.18,1.96,1.191,1.3505,0.9762,111.88,2823.81
216,2018-01-01,248.86,4.0,2.58,2.38,2.15,1.205,1.3596,0.9718,112.18,2713.83
217,2018-02-01,249.53,4.1,2.86,2.6,2.36,1.2482,1.4247,0.9288,109.5,2640.87
218,2018-03-01,249.58,4.0,2.84,2.63,2.42,1.2216,1.3755,0.9461,106.91,2648.05
219,2018-04-01,250.23,4.0,2.87,2.7,2.52,1.2288,1.4032,0.9558,105.99,2705.27
220,2018-05-01,250.79,3.8,2.98,2.82,2.66,1.2,1.3611,0.9954,109.69,2718.37
221,2018-06-01,251.02,4.0,2.91,2.78,2.65,1.1679,1.3358,0.9867,109.49,2816.29
222,2018-07-01,251.21,3.8,2.89,2.78,2.7,1.1604,1.3133,0.9946,110.73,2901.52
223,2018-08-01,251.66,3.8,2.89,2.77,2.71,1.1666,1.312,0.9923,111.72,2913.98
224,2018-09-01,252.18,3.7,3.0,2.89,2.84,1.1566,1.2833,0.9753,111.44,2711.74
225,2018-10-01,252.77,3.8,3.15,3.0,2.94,1.1567,1.3032,0.984,113.96,2760.17
226,2018-11-01,252.59,3.8,3.12,2.95,2.91,1.1396,1.2974,1.0033,112.79,2506.85
227,2018-12-01,252.77,3.9,2.83,2.68,2.67,1.1356,1.2742,0.9975,113.54,2704.1
228,2019-01-01,252.56,4.0,2.71,2.54,2.52,1.1357,1.2598,0.9884,109.22,2784.49
229,2019-02-01,253.32,3.8,2.68,2.49,2.48,1.1474,1.3094,0.994,109.55,2834.4
230,2019-03-01,254.28,3.8,2.57,2.37,2.37,1.1376,1.3222,0.9987,111.89,2945.83
231,2019-04-01,255.23,3.7,2.53,2.33,2.31,1.121,1.3144,0.9988,111.29,2752.06
232,2019-05-01,255.3,3.6,2.4,2.19,2.16,1.1246,1.3091,1.0137,111.18,2941.76
233,2019-06-01,255.21,3.6,2.07,1.83,1.78,1.1206,1.2621,0.9994,108.39,2980.38
234,2019-07-01,255.8,3.7,2.06,1.83,1.8,1.1307,1.2644,0.9864,108.42,2926.46
235,2019-08-01,256.04,3.6,1.63,1.49,1.51,1.1062,1.2145,0.9938,108.28,2976.74
236,2019-09-01,256.43,3.5,1.7,1.57,1.59,1.0968,1.2086,0.9872,105.88,3037.56
237,2019-10-01,257.15,3.6,1.71,1.53,1.53,1.0932,1.2242,0.9936,107.7,3140.98
238,2019-11-01,257.88,3.6,1.81,1.64,1.61,1.1169,1.295,0.9855,108.16,3230.78
239,2019-12-01,258.63,3.6,1.86,1.68,1.63,1.1075,1.2936,0.992,109.09,3225.52
240,2020-01-01,258.91,3.6,1.76,1.56,1.52,1.1166,1.3128,0.9721,108.43,2954.22
241,2020-02-01,259.25,3.5,1.5,1.32,1.31,1.1062,1.3006,0.9655,108.59,2584.59
242,2020-03-01,258.15,4.4,0.87,0.59,0.5,1.1164,1.2791,0.9577,108.02,2912.43
243,2020-04-01,256.13,14.8,0.66,0.39,0.28,1.0934,1.2394,0.9675,107.05,3044.31
244,2020-05-01,255.85,13.2,0.67,0.34,0.22,1.0998,1.2509,0.9599,106.76,3100.29
245,2020-06-01,257.0,11.0,0.73,0.34,0.22,1.1123,1.2472,0.9613,107.56,3271.12
246,2020-07-01,258.41,10.2,0.62,0.28,0.17,1.1259,1.2474,0.9455,107.5,3500.31
247,2020-08-01,259.37,8.4,0.65,0.27,0.16,1.175,1.3053,0.9194,106.11,3363.0
248,2020-09-01,259.95,7.8,0.68,0.27,0.16,1.1949,1.3416,0.9072,106.0,3269.96
249,2020-10-01,260.25,6.8,0.79,0.34,0.19,1.1752,1.2901,0.9179,105.53,3621.63
250,2020-11-01,260.9,6.7,0.87,0.39,0.22,1.1634,1.2904,0.92,104.8,3756.07
251,2020-12-01,262.0,6.7,0.93,0.39,0.19,1.2039,1.3392,0.9005,104.4,3714.24
252,2021-01-01,262.52,6.4,1.08,0.45,0.2,1.2254,1.3551,0.8811,103.19,3811.15
253,2021-02-01,263.58,6.2,1.26,0.54,0.21,1.207,1.3672,0.8965,104.97,3972.89
254,2021-03-01,264.91,6.1,1.61,0.82,0.32,1.2054,1.3938,0.9138,106.68,4181.17
255,2021-04-01,266.75,6.1,1.64,0.86,0.35,1.1772,1.3825,0.9409,110.61,4204.11
256,2021-05-01,268.45,5.8,1.62,0.82,0.32,1.2059,1.3913,0.9116,109.08,4297.5
257,2021-06-01,270.66,5.9,1.52,0.84,0.39,1.2241,1.4168,0.8954,109.43,4395.26
258,2021-07-01,271.99,5.4,1.32,0.76,0.4,1.1857,1.378,0.9253,111.56,4522.68
259,2021-08-01,272.79,5.1,1.28,0.77,0.42,1.1873,1.3886,0.9051,109.22,4307.54
260,2021-09-01,273.89,4.7,1.37,0.86,0.47,1.185,1.379,0.9145,110.03,4605.38
261,2021-10-01,276.43,4.5,1.58,1.11,0.67,1.1598,1.3572,0.9297,110.97,4567.0
262,2021-11-01,278.8,4.1,1.56,1.2,0.82,1.1591,1.3679,0.9105,114.19,4766.18
263,2021-12-01,280.81,3.9,1.47,1.23,0.95,1.1323,1.3308,0.9195,112.82,4515.55
264,2022-01-01,282.39,4.0,1.76,1.54,1.25,1.129,1.3469,0.9188,115.27,4373.94
265,2022-02-01,284.54,3.8,1.93,1.81,1.65,1.1239,1.3505,0.9231,114.77,4530.41
266,2022-03-01,287.55,3.6,2.13,2.11,2.09,1.1103,1.3318,0.9186,114.87,4131.93
267,2022-04-01,288.76,3.7,2.75,2.78,2.72,1.1043,1.3114,0.9256,122.6,4132.15
268,2022-05-01,291.36,3.6,2.9,2.87,2.79,1.0521,1.2523,0.977,130.18,3785.38
269,2022-06-01,295.0,3.6,3.14,3.19,3.15,1.0646,1.2472,0.9644,130.09,4130.29
270,2022-07-01,294.98,3.5,2.9,2.96,3.03,1.0409,1.2048,0.9623,135.09,3955.0
271,2022-08-01,295.21,3.6,2.9,3.03,3.23,1.027,1.2278,0.9486,131.8,3585.62
272,2022-09-01,296.34,3.5,3.52,3.7,3.88,0.995,1.1541,0.9838,139.93,3871.98
273,2022-10-01,297.86,3.6,3.98,4.18,4.38,0.9809,1.1272,0.9929,144.5,4080.11
274,2022-11-01,298.65,3.6,3.89,4.06,4.34,0.9871,1.146,0.9995,148.11,3839.5
275,2022-12-01,298.81,3.5,3.62,3.76,4.05,1.0498,1.2252,0.9377,135.55,4076.6
276,2023-01-01,300.36,3.4,3.53,3.64,3.91,1.0559,1.197,0.9368,130.83,3970.15
277,2023-02-01,301.51,3.6,3.75,3.94,4.23,1.0917,1.2308,0.9147,129.27,4109.31
278,2023-03-01,301.74,3.5,3.66,3.82,4.09,1.0674,1.2034,0.9387,135.82,4169.48
279,2023-04-01,303.03,3.4,3.46,3.54,3.76,1.0891,1.2403,0.913,132.35,4179.83
280,2023-05-01,303.36,3.7,3.57,3.59,3.82,1.097,1.2495,0.8961,137.35,4450.38
281,2023-06-01,304.0,3.6,3.75,3.95,4.27,1.0752,1.2536,0.9077,138.74,4588.96
282,2023-07-01,304.63,3.5,3.9,4.14,4.47,1.0919,1.2695,0.8956,144.5,4507.66
283,2023-08-01,306.19,3.8,4.17,4.31,4.59,1.0971,1.275,0.8763,143.34,4288.05
284,2023-09-01,307.29,3.8,4.38,4.49,4.74,1.0787,1.2594,0.8857,146.2,4193.8
285,2023-10-01,307.53,3.8,4.8,4.77,4.89,1.05,1.213,0.9176,149.8,4567.8
286,2023-11-01,308.02,3.7,4.5,4.49,4.64,1.0538,1.2127,0.9103,150.96,4769.83
287,2023-12-01,308.74,3.7,4.02,4.0,4.19,1.0878,1.2682,0.8706,147.0,4845.65
288,2024-01-01,309.68,3.7,4.06,3.98,4.11,1.0957,1.2632,0.8483,141.89,5096.27
289,2024-02-01,311.05,3.9,4.21,4.19,4.33,1.0865,1.2727,0.8579,146.18,5254.35
290,2024-03-01,312.23,3.8,4.21,4.2,4.38,1.0832,1.2652,0.8844,150.2,5035.69
291,2024-04-01,313.21,3.9,4.54,4.56,4.71,1.0733,1.2545,0.9055,151.72,5277.51
292,2024-05-01,313.23,4.0,4.48,4.5,4.66,1.068,1.2488,0.9195,157.65,5460.48
